no_entidade,ds_endereco,nu_endereco,no_bairro,co_cep,sg_uf,no_municipio,nu_ddd,nu_telefone
BATISTA SANTOS DUMONT COL,RUA DESEMBARGADOR LEITE ALBUQUERQUE,1056,ALDEOTA,60150150,CE,Fortaleza,85,40082300
SERAFICO NOSSA SENHORA DO BRASIL COLEGIO,AVENIDA FREI CIRILO,4454-A,MESSEJANA,60840285,CE,Fortaleza,85,32742112
NOSSA SENHORA DO CARMO COLEGIO,RUA ELVIRA PINHO,400,MONTESE,60421000,CE,Fortaleza,85,32250601
CECILIA COLEGIO SANTA,AVENIDA SENADOR VIRGILIO TAVORA,2000,ALDEOTA,60170251,CE,Fortaleza,85,30642377
COLEGIO CHRISTUS BARAO DE STUDART,RUA JOAO CARVALHO,630,ALDEOTA,60140140,CE,Fortaleza,85,32661800
CENTRO EDUCACIONAL SAO JOSE,RUA BOA NOITE,149,MONTESE,60421570,CE,Fortaleza,85,32321541
ESCOLA SESI EUZEBIO MOTA DE ALENCAR,AVENIDA JOAO PESSOA,6754,PARANGABA,60721340,CE,Fortaleza,85,34216147
FATIMA CENTRO EDUCACIONAL NOSSA SENHORA DE,RUA FREI HENRIQUE,48,MESSEJANA,60841280,CE,Fortaleza,85,34590479
FRANCISCO PEREIRA COLEGIO CONEGO,RUA INACIO ORIA,470,MESSEJANA,60840460,CE,Fortaleza,85,40120770
COLEGIO ARI DE SA CAVALCANTE WASHINGTON SOARES,AVENIDA WASHINGTON SOARES,3737,EDSON QUEIROZ,60811341,CE,Fortaleza,85,34772000
SANTO INACIO COLEGIO,AVENIDA DESEMBARGADOR MOREIRA,2355,DIONISIO TORRES,60170173,CE,Fortaleza,85,30663013
COLEGIO PADRE JOAO PIAMARTA,RUA PADRE JOAO PIAMARTA,161,MONTESE,60410315,CE,Fortaleza,85,34941529
INSTITUTO EDUCACIONAL JOSE DE ALENCAR SC LTDA,RUA HUGO VITOR,730,ANTONIO BEZERRA,60360820,CE,Fortaleza,85,32353571
JOSE JULIO CENTRO PEDAGOGICO,RUA JOSE JULIO FEITOSA,120,SAPIRANGA,60833552,CE,Fortaleza,85,34761249
AGNUS COLEGIO,RUA TEODORICO BARROSO,827,MONTESE,60420314,CE,Fortaleza,85,34912746
DARWIN COLEGIO,RUA ILDEFONSO ALBANO,1030,ALDEOTA,60115000,CE,Fortaleza,85,32212820
LUIZ BARBOSA MOREIRA PATRONATO PE,RUA CORONEL GUILHERME ALENCAR,121,MESSEJANA,60840340,CE,Fortaleza,85,32290755
JULIA FIALHO ENSINO FUNDAMENTAL COLEGIO,RUA JOSE ACIOLY,73,ANTONIO BEZERRA,60350300,CE,Fortaleza,85,32351411
MEDICI INSTITUTO EDUCACIONAL PRESIDENTE,RUA CESAR CORREIA,973,FLORESTA,60336244,CE,Fortaleza,85,32282206
ORGANIZACAO EDUCACIONAL QUEIROZ BELEM SS LTDA,RUA 105,120,CONJUNTO ESPERANCA,60763540,CE,Fortaleza,85,32962614
7 DE SETEMBRO COLEGIO - EBS,RUA HENRIQUETA GALENO,1011,DIONISIO TORRES,60135420,CE,Fortaleza,85,40067930
HELENA COLEGIO SANTA,AVENIDA CONTORNO NORTE,819,CONJUNTO ESPERANCA,60763730,CE,Fortaleza,85,32985721
TELEYOS COLEGIO,AV. CONTORNO NORTE,1260,CONJUNTO ESPERANCA,60711220,CE,Fortaleza,85,31449900
ORGANIZACAO EDUCACIONAL PROGRESSIVO,RUA IGUAPE,66,PARANGABA,60720490,CE,Fortaleza,85,30552886
MATHEUS CENTRO EDUCACIONAL SAO,RUA 110,110,CONJUNTO ESPERANCA,60763590,CE,Fortaleza,85,32964416
LUZ DO SABER CENTRO EDUCACIONAL,RUA OTAVIO ROCHA,410,EDSON QUEIROZ,60811830,CE,Fortaleza,85,32474591
BATISTA SANTOS DUMONT - COLEGIO ANEXO I,RUA HIL DE MORAES,124,EDSON QUEIROZ,60811760,CE,Fortaleza,85,32731282
COLEGIO AFONSO ANDRADE,RUA CORONEL MATOS DOURADO,168,ANTONIO BEZERRA,60360590,CE,Fortaleza,85,32354338
COLEGIO LOURENCO FILHO - PARANGABA,RUA CONEGO DE CASTRO,700,PARANGABA,60720096,CE,Fortaleza,85,32933000
FARIAS BRITO JOVEM SEIS BOCAS COLEGIO,RUA SALVADOR CORREIA DE SA,1111,SAPIRANGA,60833183,CE,Fortaleza,85,30642852
NOVO TEMPO ESC,RUA MAJOR CELESTINO,614,ANTONIO BEZERRA,60361030,CE,Fortaleza,85,32354637
COLEGIO RAIO DE LUZ,RUA ARARIBOIA,192,PARANGABA,60710140,CE,Fortaleza,85,34951239
PRIMEIRO DEGRAU ESCOLA,RUA ANTNIO FURTADO,1055,DIONISIO TORRES,60130230,CE,Fortaleza,85,34722002
ESCOLA TIA JOYCE,RUA CLARINDO PEREIRA,1108,EDSON QUEIROZ,60834475,CE,Fortaleza,85,32736521
ESCOLA NOVO MILENIO LTDA - ME,RUA GUILHERME PERDIGAO,516,PARANGABA,60720420,CE,Fortaleza,85,32920228
GRILO FALANTE ESCOLA INFANTIL,RUA CORONEL ALEXANDRINO,400,MONTESE,60420700,CE,Fortaleza,85,32452531
ARI DE SA CAVALCANTE SEDE MARIO MAMEDE COLEGIO,RUA JOSE MARIO MAMEDE,200,EDSON QUEIROZ,60834366,CE,Fortaleza,85,34772000
COLEGIO ANTARES - ATS,RUA BARBOSA DE FREITAS,2058,DIONISIO TORRES,60170020,CE,Fortaleza,85,30340700
DUQUE DE CAXIAS COLEGIO,RUA PERU,1675,PARANGABA,60740510,CE,Fortaleza,85,34695791
CENTRO DE ENSINO GRAU TECNICO UNIDADE MONTESE,RUA BARAO DE SOBRAL,712,MONTESE,60420775,CE,Fortaleza,85,32929222
COLEGIO CEARENSE TOTAL,AVENIDA D,85,CONJUNTO ESPERANCA,60763470,CE,Fortaleza,85,34675657
ESSENCIAL COLEGIO,RUA PEDRO MELO,1005,ANTONIO BEZERRA,60360220,CE,Fortaleza,85,32351466
NOVA DIMENSAO COLEGIO,AVENIDA EDILSON BRASIL SOARES,1599,EDSON QUEIROZ,60834005,CE,Fortaleza,85,30778700
PAIVA ANDRADE COLEGIO,RUA INACIO MOREIRA,133,MESSEJANA,60871585,CE,Fortaleza,85,34724700
COLEGIO ANTARES ATS,AVENIDA PRESIDENTE ARTUR BERNARDES,2451,SAPIRANGA,60833201,CE,Fortaleza,85,33088282
COLEGIO ATENEU,RUA GURGEL DO AMARAL,1270,MESSEJANA,60871170,CE,Fortaleza,85,32764796
ARI DE SA CAVALCANTE SEDE ALDEOTA COLEGIO,TRAVESSA MONSENHOR CATAO,1655,ALDEOTA,60175010,CE,Fortaleza,85,34868400
FARIAS BRITO SEIS BOCAS COLEGIO,AVENIDA ENGENHEIRO LEAL LIMA VERDE,700,SAPIRANGA,60833175,CE,Fortaleza,85,30642800
MARIA DO CARMO ESPACO DA CRIANCA ESCOLA,RUA ENGENHEIRO PAULO CESAR BARBOSA,107,EDSON QUEIROZ,60811750,CE,Fortaleza,85,32781478
PAULO PICANCO CENTRO EDUCACIONAL PROFISSIONAL,RUA JOAQUIM SA,900,DIONISIO TORRES,60135218,CE,Fortaleza,85,32723222
CENTRO DE ENSINO GRAU TECNICO UNIDADE WASHINGTON SOARES,AVENIDA WASHINGTON SOARES,3939,SAPIRANGA,60833005,CE,Fortaleza,85,30485555
COLEGIO EVOLUIR,RUA CANDIDO MAIA,109,ANTONIO BEZERRA,60356830,CE,Fortaleza,85,32859893
COLEGIO ERNESTO GURGEL,RUA PADRE PEDRO DE ALENCAR,81,MESSEJANA,60840280,CE,Fortaleza,85,32742919
CASA DE CRIANCA ESCOLA CRECHE LTDA,RUA JOAQUIM NABUCO,2725,DIONISIO TORRES,60125121,CE,Fortaleza,85,32617621
GETSEMANI CENTRO EDUCACIONAL,RUA TOMAS RODRIGUES,1250,ANTONIO BEZERRA,60361000,CE,Fortaleza,85,32352437
JOSE DE ALENCAR CENTRO EDUCACIONAL LTDA,RUA HUGO VITOR,686,ANTONIO BEZERRA,60360820,CE,Fortaleza,85,32351031
ESCOLA CHECHE SANTA TEREZINHA,RUA GOMES BRASIL,55,PARANGABA,60720150,CE,Fortaleza,85,32259411
COLEGIO CHRISTUS UNIDADE SUL,AVENIDA ENGENHEIRO LEAL LIMA VERDE,2265,EDSON QUEIROZ,60834385,CE,Fortaleza,85,32514100
COLEGIO CHRISTUS DIONISIO TORRES,RUA ISRAEL BEZERRA,630,DIONISIO TORRES,60135460,CE,Fortaleza,85,32771500
UNIVERSO COLORIDO CENTRO EDUCACIONAL,RUA CIDADE ECOLOGICA,939,EDSON QUEIROZ,60812450,CE,Fortaleza,85,32786410
NOVO MUNDO INSTITUTO PEDAGOGICO,RUA ALPINOPOLIS,148,SAPIRANGA,60833036,CE,Fortaleza,85,32785088
INFANCIA FELIZ ESCOLA,AVENIDA ENGENHEIRO LEAL LIMA VERDE,1263,SAPIRANGA,60833175,CE,Fortaleza,85,30511130
J OLIVEIRA COLEGIO,RUA OSVALDO CRUZ,2312,DIONISIO TORRES,60170250,CE,Fortaleza,85,32619656
CAMINHARTE I CRECHE ESCOLA,RUA ROMEU MARTINS,433,MONTESE,60420720,CE,Fortaleza,85,34940839
COLEGIO ASCENSO FERREIRA,AVENIDA ARMINDO MOURA,263,BOA VIAGEM,51130180,PE,Recife,81,33413994
APOIO GRUPO DE ASSES EDUCAC E PEDAGOGICA,RUA CONSELHEIRO NABUCO,44,CASA AMARELA,52051440,PE,Recife,81,34415015
COLEGIO BOA VIAGEM LTDA,RUA PROFESSOR EDUARDO WANDERLEY FILHO,539,BOA VIAGEM,51020170,PE,Recife,81,34654444
GERACAO COLEGIO E CURSO,RUA DEPUTADO CUNHA RABELO,1235,VARZEA,50740400,PE,Recife,81,34532114
COLEGIO MARIA TEREZA,RUA BARAO DE SOUZA LEAO,1647,IMBIRIBEIRA,51210080,PE,Recife,81,32011600
INSTITUTO SANTA MARIA MAZZARELLO,AVENIDA AFONSO OLINDENSE,1553,VARZEA,50810000,PE,Recife,81,32710825
COLEGIO ADVENTISTA DO RECIFE,RUA GERVASIO PIRES,700,BOA VISTA,50050070,PE,Recife,81,34214225
COLEGIO 2001,RUA DO RIACHUELO,403,BOA VISTA,50050400,PE,Recife,81,34234533
COLEGIO SALESIANO SAGRADO CORACAO,RUA DOM BOSCO,551,BOA VISTA,50070070,PE,Recife,81,21295900
COLEGIO DAS DAMAS DA INSTRUCAO CRISTA,AVENIDA RUI BARBOSA,1426,GRACAS,52050000,PE,Recife,81,31394500
COLEGIO PRESBITERIANO AGNES ERSKINE,AVENIDA RUI BARBOSA,704,GRACAS,52011040,PE,Recife,81,31316950
COLEGIO SANTA CATARINA,ESTRADA DO ARRAIAL,2740,TAMARINEIRA,52051380,PE,Recife,81,33341160
COLEGIO MARISTA SAO LUIS,AVENIDA RUI BARBOSA,1104,GRACAS,52050000,PE,Recife,81,40095355
COLEGIO VERA CRUZ RECIFE,AVENIDA RUI BARBOSA,57,GRACAS,52011040,PE,Recife,81,32221876
COLEGIO NOSSA SRA DE LOURDES,AVENIDA CONSELHEIRO ROSA E SILVA,1767,TAMARINEIRA,52050020,PE,Recife,81,34419396
INSTITUTO CAPIBARIBE,RUA DAS GRACAS,51,GRACAS,52011200,PE,Recife,81,32214950
SOCIEDADE DE ORIENTACAO PSICOPEDAGOGICA,RUA ABELARDO,131,GRACAS,52050310,PE,Recife,81,34270388
ACADEMIA CRISTA DE BOA VIAGEM,AVENIDA VISCONDE DE JEQUITINHONHA,355,BOA VIAGEM,51021190,PE,Recife,81,33125000
COLEGIO SANTA MARIA,RUA PADRE BERNARDINO PESSOA,512,BOA VIAGEM,51020210,PE,Recife,81,34655133
ESCOLA MUNDO,RUA VARSOVIA,520,IMBIRIBEIRA,51180070,PE,Recife,81,33148988
ESCOLA PINHEIROS,RUA ARQUITETO LUIZ NUNES,673,IMBIRIBEIRA,51170435,PE,Recife,81,31299179
CENTRO DE CULTURA INFANTIL REINO MAGICO,ESTRADA DO ARRAIAL,2949,TAMARINEIRA,52051380,PE,Recife,81,32681426
COLEGIO ELO,RUA JOSE PARAISO,189,BOA VIAGEM,51030390,PE,Recife,81,31349494
ESCOLA ASSEMBLEIA DE DEUS,RUA CONSELHEIRO RIBAS,20,CASA AMARELA,52070400,PE,Recife,81,38232398
COLEGIO CONHECER,RUA ZEZITO COSTA REGO,130,VARZEA,50740010,PE,Recife,81,32710233
COLEGIO NUCLEO,AVENIDA RUI BARBOSA,1680,GRACAS,52050000,PE,Recife,81,30341177
ESCOLA VILA SEZAMO,RUA MURICI,46,CASA AMARELA,52071070,PE,Recife,81,32688104
ESCOLA PEDRO LEANDRO,RUA CAROLINA,426,CASA AMARELA,52070480,PE,Recife,81,31290400
COLEGIO ALBERT SABIN,TRAVESSA INACIO MONTEIRO,295,CORDEIRO,50721321,PE,Recife,81,30976661
ESCOLA AMERICANA DO RECIFE,RUA SA E SOUZA,408,BOA VIAGEM,51030065,PE,Recife,81,33414716
GRUPO EDUC DO RECIFE ANGLO LIDER,RUA CAMILO COLIER,136,CORDEIRO,50721220,PE,Recife,81,34451144
MD EDUCACIONAL- COLEGIO MADRE DE DEUS UNIDADE II,RUA JOAO CARDOSO AIRES,705,BOA VIAGEM,51130300,PE,Recife,81,33411747
COLEGIO PONTUAL CENTRO EDUCACIONAL LTDA,RUA MARECHAL MANOEL LUIS OSORIO,495,VARZEA,50740450,PE,Recife,81,32714616
ESCOLA TECNICA LEIAUT CARIELO,RUA JOAQUIM FELIPE,119,SOLEDADE,50050345,PE,Recife,81,30815552
COLEGIO GGE,RUA JOSE DA SILVA LUCENA,18,IMBIRIBEIRA,51150430,PE,Recife,81,34672588
ESCOLA PROFISSIONALIZANTE DE ENFERMAGEM DE ISRAEL,AVENIDA NORTE MIGUEL ARRAES DE ALENCAR,5049,TAMARINEIRA,52051000,PE,Recife,81,30190907
ESCOLA CASTELO ENCANTADO LTDA,RUA CLODOMIRO SELVA,194,CASA AMARELA,52070470,PE,Recife,81,32694368
COLEGIO MADRE DE DEUS ZONA NORTE,RUA SEBASTIAO ALVES,73,TAMARINEIRA,52060100,PE,Recife,81,32044179
ESCOLA GERACAO ATUAL,ESTRADA DO ARRAIAL,4341,CASA AMARELA,52070230,PE,Recife,81,32679176
COLEGIO GRANDE PASSO,RUA PROFESSOR AURELIO DE CASTRO CAVALCANTI,97,BOA VIAGEM,51130280,PE,Recife,81,33415362
COLEGIO E CURSO ATITUDE,RUA DOUTOR TOME DIAS,75,CASA AMARELA,52070370,PE,Recife,81,32691601
EDUCANDARIO EVANGELICO IDEAL,RUA RODRIGUES SETE,412,CASA AMARELA,52051230,PE,Recife,81,32693865
COLEGIO ANGLO LIDER,RUA VISCONDE DE ABAETE,200,TAMARINEIRA,52110010,PE,Recife,81,33048400
ESCOLA POLITEC I E II,AVENIDA CONDE DA BOA VISTA,1546,SOLEDADE,50060003,PE,Recife,81,32225252
CENTRO DE ENSINO GRAU I BOA VISTAI BOA VISTA,AVENIDA CONDE DA BOA VISTA,1209,SOLEDADE,50060003,PE,Recife,81,30373939
CENTRO EDUCACIONAL CAVALCANTI HEISSLER,RUA ADELMAR TAVARES,25,CORDEIRO,50630660,PE,Recife,81,34450103
COLEGIO E CURSO DESAFIO,RUA PROFESSOR ANTONIO COELHO,50,VARZEA,50740020,PE,Recife,81,32745010
COLEGIO CBV JAQUEIRA,RUA DOUTOR JOSE MARIA,1106,TAMARINEIRA,52041800,PE,Recife,81,34654444
DAY CARE INFANTIL EDUCAR,RUA DOM SEBASTIAO LEME,137,GRACAS,52011160,PE,Recife,81,9.7311E8
ESCOLA BRINQUEDOS E BRINCADEIRAS,RUA CONSELHEIRO NABUCO,,CASA AMARELA,52070010,PE,Recife,81,32652783
COLEGIO COGNITIVO,AVENIDA ANTINIO TORRES GALVIO,283,IMBIRIBEIRA,51160330,PE,Recife,81,32690047
RED HOUSE INTERNATIONAL SCHOOL,RUA CONFEDERACAO DO EQUADOR,77,GRACAS,52011060,PE,Recife,81,20117777
CENTRO EDUCACIONAL NOSSA SRA DO RESGATE,RUA SILVEIRA MARTINS,1,CABULA,41150000,BA,Salvador,71,21027500
SARTRE ESCOLA SEB - NOBEL,RUA JOAO VARELA,184,ITAIGARA,41815070,BA,Salvador,71,22012100
COLEGIO SAO LAZARO,RUA SILVEIRA MARTINS,445,CABULA,41150000,BA,Salvador,71,21020500
COLEGIO 2 DE JULHO,AVENIDA LEOVIGILDO FILGUEIRAS,81,GARCIA,40100000,BA,Salvador,71,31143400
COLEGIO ADVENTISTA DE SALVADOR,LADEIRA DO HOSPITAL,21,NAZARE,40050420,BA,Salvador,71,21070800
COLEGIO ANCHIETA,PRACA PADRE ANCHIETA,126,PITUBA,41810830,BA,Salvador,71,21079000
COLEGIO ANTONIO VIEIRA,LEOVIGILDO FILGUEIRAS,683,GARCIA,40100000,BA,Salvador,71,33289514
COLEGIO DO SAGRADO CORACAO DE JESUS- VERBO EDUCACAO LTDA-ME,AVENIDA JOANA ANGELICA,1380,NAZARE,40050002,BA,Salvador,71,30177694
COLEGIO MODULO,AVENIDA PROFESSOR MAGALHAES NETO,1177,PITUBA,41810011,BA,Salvador,71,21021300
LICEU SALESIANO DO SALVADOR,PRACA CONSELHEIRO ALMEIDA COUTO,374,NAZARE,40050405,BA,Salvador,71,9.8259E8
COLEGIO FRANCISCANO SANTA CLARA,RUA SANTA CLARA,S/N,NAZARE,40040450,BA,Salvador,71,22034000
COLEGIO SAO PAULO,RUA LUIS PORTELA DA SILVA,628,ITAIGARA,41815290,BA,Salvador,71,21074600
COLEGIO SS SACRAMENTO,AVENIDA LEOVIGILDO FILGUEIRAS,211,GARCIA,40100000,BA,Salvador,71,33114000
ESCOLA DE EDUCACAO BASICA E PROFISSIONAL FUNDACAO BRADESCO,AVENIDA ENGENHEIRO RAYMUNDO CARLOS NERY,818,CAJAZEIRAS,41340280,BA,Salvador,71,33951652
MARIA RITA DA SILVA COSTA ME,RUA SILVEIRA MARTINS 208 B CABULA,,CABULA,41150000,BA,Salvador,.,.
ESCOLA GIRASSOL,RUA SILVIO VALENTE,384,ITAIGARA,41815370,BA,Salvador,71,21096736
ESCOLA TEMPO DE CRIANCA LTDA,RUA DO BENJOIM 929,,ITAIGARA,41820340,BA,Salvador,.,.
JARDIM DE INFANCIA AM LTDA,RUA ALBERTO SILVA N178,,ITAIGARA,41815000,BA,Salvador,.,.
SARTRE ESCOLA SEB - ITAIGARA,RUA REITOR MACEDO COSTA,108,ITAIGARA,41815150,BA,Salvador,71,22012100
COLEGIO OFICINA,AV. MIGUEL NAVARRO Y. CANIZARES,423,PITUBA,41810215,BA,Salvador,71,32704100
CURSO E COLEGIO IDEAL SENIOR,RUA GUARACAIMA,196,PIATA,41650320,BA,Salvador,71,33753131
ESCOLA NOSSA SENHORA DA LUZ,RUA CEARA,852,PITUBA,41830451,BA,Salvador,71,32487403
UNIDADE SESI RETIRO,PRACA VISCONDE DE MONTE ALEGRE,S/N,LARGO DO RETIRO,40354190,BA,Salvador,.,.
CENTRO EDUCACIONAL TITANIA,ESTRADA DO COQUEIRO GRANDE,223,CAJAZEIRAS,41342315,BA,Salvador,71,33951878
ESCOLA TEMPO DE APRENDER,RUA PREDILIANO PITTA,108,GARCIA,40100200,BA,Salvador,71,33315567
ESCOLA PARQUE DA CRIANCA LTDA,RUA SILVEIRA MARTINS,3806,CABULA,41150000,BA,Salvador,71,32305565
COLEGIO SUPERIOR,RUA DOUTOR EDISON TEIXEIRA BARBOSA,39E,CAJAZEIRAS,41342165,BA,Salvador,71,33056312
COLEGIO EVOLUCAO,CAMINHO 15-QUADRA C,1/3,CAJAZEIRAS,41339244,BA,Salvador,71,33951462
COLEGIO SOPHIA,RUA GENEBALDO FIGUEIREDO,10,ITAPUA,41610180,BA,Salvador,71,32493860
ESCOLA ADALBERTO CARVALHO,CAMINHO 13-QUADRA B,01 B,CAJAZEIRAS,41339172,BA,Salvador,71,32382491
CURSO E COLEGIO FORTUNATO,RUA SILVEIRA MARTINS,384,CABULA,41150000,BA,Salvador,71,32572315
CENTRO INTEGRADO DE EDUCACAO EPC,RUA DO BOIADEIRO,35-E,AGUAS CLARAS,41310060,BA,Salvador,71,33096476
SENAI CIMATEC,AV. ORLANDO GOMES,1845,PIATA,41650010,BA,Salvador,.,.
CENTRO DE CULTURA E CONHECIMENTO ESCOLA CASA DA INFANCIA,RUA SILVIO VALENTE,88,ITAIGARA,41815370,BA,Salvador,71,30332202
ESCOLA SESC NAZARE ZILDA ARNS,RUA DA JAQUEIRA,36,SAUDE,40040570,BA,Salvador,71,32429815
COLEGIO FAVO DE MEL KIDS LTDA ME,RUA SILVEIRA MARTINS 208 B CABULA,,CABULA,41150000,BA,Salvador,.,.
CENTRO DE EDUCACAO GALILEIA EIRELI,RUA ANTONIO CANDIDO DE LIMA 130 NARANDIBA,,CABULA,41150500,BA,Salvador,.,.
CIEP - CENTRO INTERNACIONAL DE EVOLUCAO PROFISSIONAL E PESSOAL,RUA SANTA BARBARA,5,PIATA,41650050,BA,Salvador,71,33635777
VILLA CONHECO CRECHE E ESPACO DE EDUCACAO,RUA JUIZ ORLANDO HELENO DE MELO,112,PIATA,41650465,BA,Salvador,71,32861161
ESCOLA CONCEPT,AVENIDA ORLANDO GOMES,1094,PIATA,41650010,BA,Salvador,71,22012777
COLEGIO DOM BOSCO,RUA DA GRATIDAO,10,PIATA,41650195,BA,Salvador,71,30365555
COLEGIO APRENDIZ,RUA JOAO DE SOUZA REGO,7,PIATA,41650115,BA,Salvador,71,35655477
ESCOLINHA PLIC E PLOC,AVENIDA LEOVIGILDO FILGUEIRAS,316,GARCIA,40100000,BA,Salvador,71,30421064
ESCOLA INOVAR,RUA ERICO VERISSIMO,53,ITAIGARA,41815340,BA,Salvador,71,31610990
EDUCANDARIO PEDACINHO DO CEU,RUA ORLANDO JOSE RIBEIRO,30,AGUAS CLARAS,41337390,BA,Salvador,71,21367492
CENTRO DE EDUCACAO TSSALEAH LTD,RUA ANTONIO CANDIDO LIMA 130 CABULA SALVADOR,,CABULA,41150500,BA,Salvador,.,.
ANANDA ESCOLA E CENTRO DE ESTUDOS,RUA ADRIANO JOAQUIM DOS SANTOS,SN,ITAPUA,41635140,BA,Salvador,71,32499202
UNIDADE SESI PIATA,AVENIDA ORLANDO GOMES,1737,PIATA,41650010,BA,Salvador,.,.
ESC INF CHEZ LENFANT,RUA ARAGUARI,1400,SANTO AGOSTINHO,30190111,MG,Belo Horizonte,31,32922112
COLEGIO SAO JOSE DE ENSINO FUNDAMENTAL E MEDIO,RUA BUENO BRANDAO,151,FLORESTA,31015178,MG,Belo Horizonte,31,32225328
COLEGIO NOSSA SENHORA DAS DORES,AVENIDA FRANCISCO SALES,77,FLORESTA,30150220,MG,Belo Horizonte,31,32266993
COLEGIO SANTA MARIA MINAS - UNIDADE FLORESTA,RUA JACUI,237,FLORESTA,31110050,MG,Belo Horizonte,31,34495500
COLEGIO SANTA RITA DE CASSIA,RUA COSTA BELEM,122,BARREIRO,30642000,MG,Belo Horizonte,31,33843064
COLEGIO SANTO AGOSTINHO,AVENIDA AMAZONAS,1803,SANTO AGOSTINHO,30180007,MG,Belo Horizonte,31,21256888
COLEGIO MARISTA PADRE EUSTAQUIO,CESARIO ALVIM,810,PADRE EUSTAQUIO,30720270,MG,Belo Horizonte,31,34697900
COLEGIO SAO LUIS GONZAGA,RUA GENERAL CARNEIRO,397,SAGRADA FAMILIA,31030170,MG,Belo Horizonte,31,30553508
ESCOLA TECNICA VITAL BRASIL,RUA HENRIQUE GORCEIX,169,PADRE EUSTAQUIO,30720360,MG,Belo Horizonte,31,34131266
COLEGIO BATISTA MINEIRO,RUA PONTE NOVA,665,COLEGIO BATISTA,31110150,MG,Belo Horizonte,31,34297268
COLEGIO SAO PAULO,RUA EDUARDO PORTO,488,CIDADE JARDIM,30380060,MG,Belo Horizonte,31,32538400
JARDIM DE INFANCIA PEDACINHO DE GENTE,RUA JOAO GUALBERTO FILHO,141,SAGRADA FAMILIA,31030410,MG,Belo Horizonte,31,34826414
COLEGIO FREDERICO OZANAM,RUA JERONIMO MONTEIRO,48,BOA VISTA,31060210,MG,Belo Horizonte,31,34850260
INSTITUTO CECILIA MEIRELES - SANTO AGOSTINHO,RUA OURO PRETO,1122,SANTO AGOSTINHO,30170041,MG,Belo Horizonte,31,33378774
COLEGIO SAO PAULO DA CRUZ,AVENIDA SINFRONIO BROCHADO,1281,BARREIRO,30640000,MG,Belo Horizonte,31,33842205
CENTRO EDUCACIONAL PIO XII,AV. CONTORNO,8902,SANTO AGOSTINHO,30110062,MG,Belo Horizonte,31,33376055
COLEGIO LOYOLA,AVENIDA DO CONTORNO,7919,LOURDES,30110051,MG,Belo Horizonte,31,21027030
COLEGIO SANTA DOROTEIA,RUA CHICAGO,240,SION,30315520,MG,Belo Horizonte,31,32852245
ESCOLA AMERICANA DE BELO HORIZONTE,AVENIDA PROFESSOR MARIO WERNECK,3301,BURITIS,30575180,MG,Belo Horizonte,31,33198300
ESCOLA CRISTA IBF,RUA PONTE NOVA,615,COLEGIO BATISTA,31110150,MG,Belo Horizonte,31,34211502
INSTITUTO EDUCACIONAL DENTINHO DE LEITE,RUA HENRIQUE GORCEIX,549,PADRE EUSTAQUIO,30720360,MG,Belo Horizonte,31,34629696
CAT GEN ONESIMO BECKER DE ARAUJO,CIPRIANO DE CARVALHO,255,BARREIRO,30640130,MG,Belo Horizonte,.,.
ASSOCIACAO COMUNIDADE ESCOLA COMUMVIVER,AVENIDA BARBACENA,1.477,SANTO AGOSTINHO,30190131,MG,Belo Horizonte,31,32753672
COLEGIO CRISTAO EBENEZER,RUA PONTE NOVA,723,COLEGIO BATISTA,31110150,MG,Belo Horizonte,31,34215617
ENFERMIG ESC DE ENFERM DE MG,AVENIDA AMAZONAS,1493,SANTO AGOSTINHO,30180002,MG,Belo Horizonte,31,33378717
CRECHE CRIANCAS DE SANTO ANTONIO,AVENIDA DO CONTORNO,6738,LOURDES,30110044,MG,Belo Horizonte,31,32270032
CRECHE ABRIGO JESUS,RUA COSTA SENNA,959,PADRE EUSTAQUIO,30720350,MG,Belo Horizonte,31,34629035
CENTRO INFANTIL PUPILEIRA ERNANI AGRICOLA,RUA SAO JOAQUIM,1177,SAGRADA FAMILIA,31035470,MG,Belo Horizonte,31,32450712
CRECHE COMUNITARIA TERRA NOVA,RUA DOS CARVALHOS,124,SION,30315320,MG,Belo Horizonte,31,32874667
COLEGIO MAGNUM AGOSTINIANO BURITIS,RUA JOSE HEMETERIO ANDRADE,850,BURITIS,30493180,MG,Belo Horizonte,31,21389000
CENTRO INFANTIL BERENICE CATAO MAGALHAES PINTO,RUA SAO ROQUE,1150,SAGRADA FAMILIA,31035460,MG,Belo Horizonte,31,34829294
CRECHE PADRE EUSTAQUIO,RUA HENRIQUE GORCEIX,340,PADRE EUSTAQUIO,30720416,MG,Belo Horizonte,31,25315488
ESCOLA SEB UNIMASTER,RUA ENGENHEIRO ALBERTO PONTES,280 E 165,BURITIS,30492020,MG,Belo Horizonte,31,30797054
COLEGIO LE PETIT,RUA HENRIQUE GORCEIX,1906,PADRE EUSTAQUIO,30720360,MG,Belo Horizonte,31,34111202
IDEIA DE CRIANCA,RUA SALDANHA DA GAMA,101,COLEGIO BATISTA,31110210,MG,Belo Horizonte,31,34444838
ESCOLA INFANTIL VOVO HONORATO,RUA SAO LUCAS,457,SAGRADA FAMILIA,31030310,MG,Belo Horizonte,31,34674582
ESC CRISTA ARCA DA ALIANCA,RUA OLINTO MAGALHAES,526,PADRE EUSTAQUIO,30730500,MG,Belo Horizonte,31,34129567
EDUCATIVA - NUCLEO DE DESENVOLVIMENTO DA CRIANCA,RUA GERALDO LUCIO VASCONCELOS,771,BURITIS,30575859,MG,Belo Horizonte,31,33787552
COLEGIO CONVIVER,RUA STELA DE SOUZA,03,SAGRADA FAMILIA,31030490,MG,Belo Horizonte,31,25266926
INSTITUTO PEDAGOGICO DO RE MI,RUA CABROBO,471,SAGRADA FAMILIA,31035350,MG,Belo Horizonte,31,34662812
INSTITUTO ARCANJO GABRIEL,RUA PITANGUI,900,COLEGIO BATISTA,31110242,MG,Belo Horizonte,31,34618526
COLEGIO BERNOULLI,RUA BERNARDO GUIMARAES,1738,LOURDES,30140082,MG,Belo Horizonte,31,30294999
COLEGIO RAIZ,RUA RIACHUELO,1700,PADRE EUSTAQUIO,30720060,MG,Belo Horizonte,31,34629035
JARDIM,RUA WASHINGTON,524,SION,30315540,MG,Belo Horizonte,31,30313139
INSTITUTO BENEFICENTE FILADELFIA,RUA CONSELHEIRO LAFAIETE,1580,SAGRADA FAMILIA,31035560,MG,Belo Horizonte,31,34815007
INSTITUTO EDUCACIONAL SANTANA,RUA ALVARENGA PEIXOTO,986,LOURDES,30180121,MG,Belo Horizonte,31,32925364
MADDA - BEBE CRIANCA E CIA,RUA OURO PRETO,1047,SANTO AGOSTINHO,30170041,MG,Belo Horizonte,31,25310177
ARCO IRIS EDUCACAO INFANTIL,RUA CORREAS,126,SION,30315340,MG,Belo Horizonte,31,32967055
CASA VIVA EDUCACAO E CULTURA,RUA CONDE DE LINHARES,403,CIDADE JARDIM,30380030,MG,Belo Horizonte,31,25103900
ATOS SCHOOL EDUCACIONAL,RUA AGNELO MACEDO,580,BARREIRO,30640120,MG,Belo Horizonte,31,36561017
COL CHROMOS BARREIRO,RUA BOAVENTURA COSTA,463,BARREIRO,30640490,MG,Belo Horizonte,31,33848577
COLEGIO ORLEANS E BRAGANCA,RUA REPUBLICA ARGENTINA,770,SION,30315490,MG,Belo Horizonte,31,32241975
ESCOLA INFANTIL CUBO MAGICO,AV. ENGENHEIRO CARLOS GOULART,1070,BURITIS,30493030,MG,Belo Horizonte,31,33783075
ESCOLA VILA BURITIS EDUCACAO INFANTIL,RUA JORNALISTA GUILHERME APGAUA,80,BURITIS,30575270,MG,Belo Horizonte,.,.
IAG KIDS,RUA DOS AIMORES,2540,SANTO AGOSTINHO,30140076,MG,Belo Horizonte,31,25159646
BEK - BURITIS ESPACO KIDS,RUA RUBENS CAPORALI RIBEIRO,752,BURITIS,30575857,MG,Belo Horizonte,31,32430169
COLEGIO VILA MUNDO - UNIDADE BURITIS,RUA DEPUTADO FABIO VASCONCELOS,61,BURITIS,30575831,MG,Belo Horizonte,31,34764639
ELITE FLORESTA - BH,RUA UBA,396,COLEGIO BATISTA,31110110,MG,Belo Horizonte,31,34905015
COLEGIO ADVENTISTA DO BURITIS,RUA RUBENS CAPORALI RIBEIRO,721,BURITIS,30575857,MG,Belo Horizonte,31,33140500
COLEGIO REDE DECISAO - UNIDADE LOURDES,RUA ESPIRITO SANTO,2055,LOURDES,30160032,MG,Belo Horizonte,31,40404495
EDUCLAR,RUA DA BAHIA,1762,LOURDES,30160017,MG,Belo Horizonte,31,35557711
INSTITUTO CECILIA MEIRELES - SANTO AGOSTINHO II,RUA OURO PRETO,1132,SANTO AGOSTINHO,30170041,MG,Belo Horizonte,31,33378774
COLEGIO CRUZEIRO-CENTRO,RUA CARLOS DE CARVALHO,76,CENTRO,20230180,RJ,Rio de Janeiro,21,32215000
COLEGIO SANTO INACIO,RUA SAO CLEMENTE,226,BOTAFOGO,22260004,RJ,Rio de Janeiro,21,31846200
ESCOLA ALEMA CORCOVADO - EXPERIMENTAL,RUA SAO CLEMENTE,388,BOTAFOGO,22260000,RJ,Rio de Janeiro,21,25280400
COL BATISTA SHEPARD,RUA JOSE HIGINO,416,TIJUCA,20510412,RJ,Rio de Janeiro,21,21050555
COLEGIO MARIA RAYTHE - ASSOCIACAO FRANCISCANA NOSSA SENHORA DO AMPARO,RUA HADDOCK LOBO,233,TIJUCA,20260141,RJ,Rio de Janeiro,21,22645474
COLEGIO MARISTA SAO JOSE,RUA CONDE DE BONFIM,1067,TIJUCA,20530001,RJ,Rio de Janeiro,21,21768000
ESCOLA DE EDUCACAO BASICA E PROFISSIONAL FUNDACAO BRADESCO,RUA HADDOCK LOBO,253,TIJUCA,20260141,RJ,Rio de Janeiro,21,22540968
CENTRO EDUCACIONAL ORION,RUA CORONEL CORTE REAL,95,BANGU,21840020,RJ,Rio de Janeiro,21,24016228
COLEGIO JOAO PAULO I LTDA-EPP,AVENIDA MINISTRO ARI FRANCO,598,BANGU,21862005,RJ,Rio de Janeiro,21,24016627
COLEGIO NOSSA SENHORA DO ROSARIO,AVENIDA CESARIO DE MELO,3670,CAMPO GRANDE,23050102,RJ,Rio de Janeiro,21,24134231
COLEGIO ADVENTISTA DE CAMPO GRANDE,RUA BAICURU,95,CAMPO GRANDE,23045040,RJ,Rio de Janeiro,21,31984100
COL APOLLO 12 FILIAL,AVENIDA AREIA BRANCA,1169,SANTA CRUZ,23550740,RJ,Rio de Janeiro,21,33951494
SANTA MONICA CENTRO EDUCACIONAL - SANTA CRUZ,RUA PRIMEIRA,848,SANTA CRUZ,23515180,RJ,Rio de Janeiro,21,33950647
ESC SANTA ISABEL,AVENIDA ISABEL,109,SANTA CRUZ,23515162,RJ,Rio de Janeiro,21,32696453
COLEGIO SANTO AGOSTINHO - UNIDADE NOVO LEBLON,RUA RINO LEVI,485,BARRA DA TIJUCA,22793720,RJ,Rio de Janeiro,21,24384900
COL SAINT JOHN,AVENIDA GENERAL FELICISSIMO CARDOSO,841,BARRA DA TIJUCA,22631360,RJ,Rio de Janeiro,21,33253288
RECANTO INF IMACULADA CONCEICAO,AVENIDA GENARO DE CARVALHO,1379,RECREIO DOS BANDEIRANTES,22795077,RJ,Rio de Janeiro,21,34349550
COLEGIO PH,RUA PROFESSOR GABIZO,211,TIJUCA,20271064,RJ,Rio de Janeiro,21,25673377
CENTRO EDUCACIONAL ESPACO INTEGRADO,RUA PROFESSOR FERREIRA DA ROSA,150,BARRA DA TIJUCA,22611230,RJ,Rio de Janeiro,21,24942616
COLEGIO SANTA MONICA - TAQUARA,RUA PADRE VENTURA,184,TAQUARA,22710266,RJ,Rio de Janeiro,21,21142000
CENTRO EDUCACIONAL ESTACOES DO ANO,RUA FELIPE CARDOSO,2765,SANTA CRUZ,23520571,RJ,Rio de Janeiro,21,32927647
COLEGIO SAO JOAO DE DEUS,RUA IRMA ALEGRIA,11 E 71,REALENGO,21760090,RJ,Rio de Janeiro,21,35550473
SISTEMA ELITE DE ENSINO,RUA DOUTOR LESSA,39,REALENGO,21710190,RJ,Rio de Janeiro,21,33315584
SISTEMA ELITE DE ENSINO,AVENIDA ISABEL,291,SANTA CRUZ,23550063,RJ,Rio de Janeiro,21,34422660
COLEGIO FRANCISCO DE ASSIS,AVENIDA DE SANTA CRUZ,907,REALENGO,21710231,RJ,Rio de Janeiro,21,33057800
COL ISRAELITA BRAS A LIESSIN SCHOLEM ALEICHEM,RUA SOROCABA,80/90,BOTAFOGO,22271110,RJ,Rio de Janeiro,21,30304400
COLEGIO SANTA CRUZ,AV. JOAO XXIII,409,SANTA CRUZ,23560352,RJ,Rio de Janeiro,21,33953792
ESCOLA PARQUE - BARRA,RUA PEDRA DE ITAUNA,111,BARRA DA TIJUCA,22793390,RJ,Rio de Janeiro,21,24996006
ESCOLA BRITANICA THE BRITISH SCHOOL RIO DE JANEIRO BARRA,RUA MARIO AUTUORI,100,BARRA DA TIJUCA,22793276,RJ,Rio de Janeiro,21,33292854
SISTEMA ELITE DE ENSINO,RUA SAO FRANCISCO XAVIER,107,TIJUCA,20550010,RJ,Rio de Janeiro,21,32699321
SISTEMA ELITE DE ENSINO,RUA FIGUEIREDO CAMARGO,1243,BANGU,21870210,RJ,Rio de Janeiro,21,34687339
SANTA MONICA CENTRO EDUCACIONAL RECREIO DOS BANDEIRANTES,RUA ALMIRANTE ARY RONGEL,555,RECREIO DOS BANDEIRANTES,22790430,RJ,Rio de Janeiro,21,24376505
COLEGIO E CURSO PENSI - RECREIO I,AVENIDA DAS AMERICAS,15403,RECREIO DOS BANDEIRANTES,22790701,RJ,Rio de Janeiro,21,24329651
SISTEMA ELITE DE ENSINO,RUA NACIONAL,160,TAQUARA,22710092,RJ,Rio de Janeiro,21,31721339
COLEGIO E CURSO APLICACAO,RUA APIACAS,321,TAQUARA,22730190,RJ,Rio de Janeiro,21,24233613
COLEGIO PH,RUA ALBANO DE CARVALHO,48,RECREIO DOS BANDEIRANTES,22795380,RJ,Rio de Janeiro,21,34111013
ESCOLA ELEVA,RUA GENERAL SEVERIANO,159,BOTAFOGO,22290040,RJ,Rio de Janeiro,21,40422492
COLEGIO E CURSO SAMARITANO,RUA ABAETE,283,BANGU,21810130,RJ,Rio de Janeiro,21,41210665
COLEGIO E CURSO MATRIZ EDUCACAO,RUA PADRE VENTURA,200,TAQUARA,22710266,RJ,Rio de Janeiro,21,32588009
COLEGIO E CURSO PIRAQUARA,RUA PIRAQUARA,79,REALENGO,21755270,RJ,Rio de Janeiro,21,24020256
CENTRO EDUCACIONAL DAS AMERICAS,RUA ALBERTO CAVALCANTI,64,RECREIO DOS BANDEIRANTES,22790850,RJ,Rio de Janeiro,21,35566620
COLEGIO FUTURO VIP - JARDIM AMERICA,RUA RICHARD STRAUSS,52,JARDIM AMERICA,21240110,RJ,Rio de Janeiro,21,37954068
COLEGIO LAURA MATOS UNIDADE 2,RUA DO GOVERNO,357,REALENGO,21770100,RJ,Rio de Janeiro,21,33379732
CEI INDIR BALTAZAR SANTANA,JOSE CARLOS MASTROMONICO,189,JARDIM PLANALTO,8040440,SP,São Paulo,11,27294258
CR P CONV DIAMANTES,CAETANO PINTO,188,BRAS,3041000,SP,São Paulo,11,32072028
ESC PART BERCARIO CONCEITO,ITAGUABA,208,SANTA CECILIA,1233050,SP,São Paulo,11,36620665
CR P CONV EBENEZER,DO HIPODROMO,555,BRAS,3051900,SP,São Paulo,11,27964336
ESC PART BRINCARTE B R I,PEIXOTO GOMIDE,1596,JARDIM PAULISTA,1409002,SP,São Paulo,11,30609013
CENTRO DE ENSINO GRAU TECNICO UNIDADE BRAS,CELSO GARCIA,278,BRAS,3014000,SP,São Paulo,11,22912352
CR P CONV RAIO DE SOL,DOUTOR FREDERICO MARTINS DA COSTA CARVALHO,475,JARDIM PLANALTO,3984140,SP,São Paulo,11,27019655
CONDE DOMINGOS COLEGIO,ARTUR MENDONCA,200,TATUAPE,3067040,SP,São Paulo,.,.
SAO FRANCISCO DE ASSIS COLEGIO,EUCLIDES PACHECO,478,VILA GOMES CARDIM,3321000,SP,São Paulo,11,22274310
COLEGIO SANTA AMALIA MAPLE BEAR ENSINO BILINGUE,RUA PROFESSOR PEDREIRA DE FREITAS,981,TATUAPE,3312052,SP,São Paulo,11,23224050
ESPIRITO SANTO COLEGIO,TUIUTI,1442,TATUAPE,3081012,SP,São Paulo,11,33891000
SANTO ANTONIO DE LISBOA COLEGIO,RUA FRANCISCO MARENGO,1317,TATUAPE,3313001,SP,São Paulo,11,29424300
EQUIPE COLEGIO,RUA SAO VICENTE DE PAULA,374,SANTA CECILIA,1229010,SP,São Paulo,11,35799150
COLEGIO ASSUNCAO,LORENA,665,JARDIM PAULISTA,1424000,SP,São Paulo,11,38873433
DANTE ALIGHIERI COLEGIO,JAU,1061,JARDIM PAULISTA,1420001,SP,São Paulo,11,31794400
SAO LUIS COLEGIO EIFM,DOUTOR DANTE PAZZANESE,295,VILA MARIANA,4012180,SP,São Paulo,11,31389600
COLEGIO MADRE ALIX,GABRIEL MONTEIRO DA SILVA,1555,JARDIM AMERICA,1441001,SP,São Paulo,11,30828455
COLEGIO MATER DEI,RUA MARECHAL BITTENCOURT,62,JARDIM AMERICA,1432020,SP,São Paulo,11,38870400
BANDEIRANTES COLEGIO EFM,ESTELA,268,VILA MARIANA,4011001,SP,São Paulo,11,50873500
BENJAMIN CONSTANT COLEGIO,RUA ECA DE QUEIROZ,75,VILA MARIANA,4011030,SP,São Paulo,11,50808177
FRIBURGO COLEGIO,JOAO DIAS,242,SANTO AMARO,4724000,SP,São Paulo,11,55235633
BEATISSIMA VIRGEM MARIA INSTITUTO DE EDUCACAO,MORUMBI,8652,SANTO AMARO,4703002,SP,São Paulo,11,55428700
CARNEIRO RIBEIRO PROF COLEGIO,AFONSO MARIANO FAGUNDES,945,SAUDE,4054001,SP,São Paulo,11,22755727
SESI 111 CENTRO EDUCACIONAL,RUA BOM PASTOR,654,IPIRANGA,4203000,SP,São Paulo,11,20650142
SAO FRANCISCO XAVIER COLEGIO,MOREIRA E COSTA,531,IPIRANGA,4266010,SP,São Paulo,11,30130335
ARQUIDIOCESANO DE SAO PAULO COLEGIO MARISTA,RUA DOMINGOS DE MORAES,2565,VILA MARIANA,4035000,SP,São Paulo,11,50818518
NOSSA SENHORA DO ROSARIO COLEGIO,DOMINGOS DE MORAIS,2958,VILA MARIANA,4036100,SP,São Paulo,11,55895444
COLEGIO GALVAO UNIDADE II,AVENIDA PIRES DO RIO,1127,SAO MIGUEL PAULISTA,8020000,SP,São Paulo,11,24780610
NOVO HORIZONTE COLEGIO,RUA PEDRO SOARES DE ANDRADE,254,SAO MIGUEL PAULISTA,8021040,SP,São Paulo,11,22974415
PASCHOAL DANTAS COLEGIO,AVENIDA PIRES DO RIO,2801,SAO MIGUEL PAULISTA,8041000,SP,São Paulo,11,20551400
REDE DECISAO UNIDADE SAUDE,GUATAS,281,SAUDE,4053040,SP,São Paulo,11,25786435
ESC PART UNIVERSO KIDS E E I,FAVEIRA DO MATO,886,JARDIM PLANALTO,8040370,SP,São Paulo,11,20527425
FRANCISCO MATARAZZO ESCOLA SENAI,CORREIA DE ANDRADE,232,BRAS,3008020,SP,São Paulo,11,33123555
CARLITOS ESCOLA UNIDADE I,BROTERO CONSELHEIRO,832,SANTA CECILIA,1232010,SP,São Paulo,11,36629591
LUMIERE COLEGIO,EMILIO MALLET,651,VILA GOMES CARDIM,3320000,SP,São Paulo,11,37914809
CENTRO INTERESCOLAR OBJETIVO UNIDADE TATUAPE,AZEVEDO SOARES,1540,VILA GOMES CARDIM,3322001,SP,São Paulo,11,29415249
ETAPA COLEGIO DE EFM,VERGUEIRO,1987,VILA MARIANA,4101000,SP,São Paulo,11,21871010
BRITANICA DE SAO PAULO ESCOLA ST PAUL S SCHOOL,JUQUIA,166,JARDIM AMERICA,1440020,SP,São Paulo,11,30873399
CHAPEL SCHOOL,JOAO DE PONTES VIGARIO,537,SANTO AMARO,4748000,SP,São Paulo,11,21017400
AGOSTINIANO MENDEL COLEGIO,ESTEVAO PERNET PADRE,620,VILA GOMES CARDIM,3315000,SP,São Paulo,11,20903266
REDE DECISAO UNIDADE POP,ALEIXO MONTEIRO MAFRA PADRE,18,SAO MIGUEL PAULISTA,8011010,SP,São Paulo,11,42103724
ADVENTISTA SAO MIGUEL PAULISTA EEIFM,AVENIDA ROSALIA,270,SAO MIGUEL PAULISTA,8021070,SP,São Paulo,11,97453721
ESC PART KOALA E E I,JOSE MARIA LISBOA,568,JARDIM PAULISTA,1423000,SP,São Paulo,11,30522911
CIDADE JARDIM ESCOLA,AMERICO DE MOURA PROFESSOR,101,CIDADE JARDIM,5670060,SP,São Paulo,11,38129122
COLEGIO PARALELO,LUIS BARROSO CORONEL,390,SANTO AMARO,4750030,SP,São Paulo,11,31862300
CARLOS DRUMMOND DE ANDRADE COLEGIO,RUA PROFESSOR PEDREIRA DE FREITAS,401,TATUAPE,3312052,SP,São Paulo,11,29421488
ROBERTO SIMONSEN ESCOLA SENAI,RUA MONSENHOR ANDRADE,298,BRAS,3008000,SP,São Paulo,11,33225000
CAVLAC COLEGIO,RUA PEDROSO DA SILVA,482,SAO MIGUEL PAULISTA,8080040,SP,São Paulo,11,25810528
RUMO INICIAL COLEGIO,LAGRIMAS,2282,IPIRANGA,4232000,SP,São Paulo,11,29476697
SAAB COLEGIO,JACIRENDI,328,TATUAPE,3080000,SP,São Paulo,11,20939893
ESPERANTO COLEGIO,VIRGINIA SANTA,419,TATUAPE,3084000,SP,São Paulo,11,22963429
LA FONTAINE COLEGIO,RUA AZEVEDO SOARES,318,VILA GOMES CARDIM,3322000,SP,São Paulo,.,.
CR P CONV SAO VITO,POLIGNANO A MARE,255,BRAS,3005040,SP,São Paulo,11,32278234
CEI INDIR CORACAO DE MARIA,CONSELHEIRO BROTERO,779,SANTA CECILIA,1232011,SP,São Paulo,11,36631368
CELIA HELENA TEATRO ESCOLA,GABRIEL SAO,462,JARDIM PAULISTA,1435000,SP,São Paulo,11,38848294
INSTITUTO MONITOR LTDA,AV. RANGEL PESTANA,1.105,BRAS,3001000,SP,São Paulo,11,35551000
EBRAE - ESCOLA BRASILEIRA DE ENSINO A DISTANCIA,RUA PAMPLONA,1200,JARDIM PAULISTA,1405906,SP,São Paulo,11,38895899
CEI INDIR MARIA ARMINDA NOGUEIRA IRMA,JUVENAL GOMES COIMBRA,64,BRAS,3021050,SP,São Paulo,11,22911747
CEI INDIR CANTINHO DO BRYAN,PEIXOTO GOMIDE,305,JARDIM PAULISTA,1409001,SP,São Paulo,11,31594950
ACADEMIA INTERNACIONAL DE CINEMA,GABRIEL DOS SANTOS,142,SANTA CECILIA,1231010,SP,São Paulo,11,36607883
SESI 434 CENTRO EDUCACIONAL,SERRA DE BRAGANCA,990,VILA GOMES CARDIM,3318000,SP,São Paulo,11,20952372
OBJETIVO CENTRO INTERESCOLAR UNIDADE IPIRANGA,MARCHETTI PADRE,235,IPIRANGA,4266000,SP,São Paulo,11,22191168
FENIX UNIDADE III COLEGIO,MARIO RODRIGUES FON,44,SAO MIGUEL PAULISTA,8011280,SP,São Paulo,11,20372351
INSTITUTO BRASILEIRO DE DESIGN DE INTERIORES IBDI,AV RANGEL PESTANA,1105,BRAS,3001000,SP,São Paulo,11,32298552
CR P CONV PINOCCHIO III,MARTIM FRANCISCO,53,SANTA CECILIA,1226001,SP,São Paulo,11,23056463
ESC PART RENASCER COLEGIO,TORRES FLORENCIO E RIELLI,215,JARDIM PLANALTO,3984050,SP,São Paulo,11,27036891
COLEGIO SOKA DO BRASIL,DO CURSINO,362,SAUDE,4132000,SP,São Paulo,11,50603306
LICEU PASTEUR UNIDADE VERGUEIRO,VERGUEIRO,3799,VILA MARIANA,4101300,SP,São Paulo,11,59047822
AMORIM COLEGIO,RUA CANTAGALO,339,TATUAPE,3319000,SP,São Paulo,11,22939166
COLEGIO MARISTA ANJO DA GUARDA EI EF EM,RUA JOSE VALLE,751,SANTA FELICIDADE,82020250,PR,Curitiba,41,32220999
ESCOLA BANDEIRANTES EDUCACAO INFANTIL E ENSINO FUNDAMENTAL,RUA CUIABA,1284,CAJURU,82930010,PR,Curitiba,41,32660881
COLEGIO BOM JESUS ED INFANTIL ENSINO FUNDAMENTAL E MEDIO SEDE,RUA 24 DE MAIO,135,CENTRO,80230080,PR,Curitiba,41,21054000
CENTRO DE EDUCACAO INFANTIL CEU AZUL,RUA SARGENTO ALPENDRE,42,BACACHERI,82515120,PR,Curitiba,41,33285269
CENTRO DE EDUCACAO INFANTIL SAO JOAO BATISTA,RUA PIQUIRI,326,REBOUCAS,80230140,PR,Curitiba,41,33338373
COLEGIO ERASTO GAERTNER,RUA PASTOR DAVID KOOP,189,BOQUEIRAO,81670340,PR,Curitiba,41,33764566
COLEGIO EXPOENTE BOA VISTA - EDUCACAO INFANTIL ENSINO FUNDAMENTAL E MEDIO,RUA CARLOS DE CAMPOS,1090,BOA VISTA,82560430,PR,Curitiba,41,35266425
COLEGIO ADVENTISTA BOQUEIRAO - EIEFEM,RUA CLETO DA SILVA,1128,BOQUEIRAO,81670450,PR,Curitiba,41,30518550
COLEGIO IMACULADA CONCEICAO,AVENIDA MANOEL RIBAS,6318,SANTA FELICIDADE,82400000,PR,Curitiba,41,30911400
COLEGIO INTERNACIONAL DE CURITIBA - EDUCACAO INFANTIL ENSINO FUNDAMENTAL E MEDIO,AVENIDA DOUTOR EUGENIO BERTOLLI,3900,SANTA FELICIDADE,82410530,PR,Curitiba,41,35257400
JOAO BAGOZZI COL PE - EF-EM E NORMAL,RUA JOAO BETTEGA,15,PORTAO,81070000,PR,Curitiba,41,30262144
COLEGIO NOSSA SENHORA DE SION-SOLITUDE- EIEFEM,RODOVIA BR-277 CURITIBA-PARANAGUA,4761,CAJURU,82970025,PR,Curitiba,41,32266161
COLEGIO MODELO CURITIBA EIRELI,RUA ENGENHEIRO BENEDITO MARIO DA SILVA,95,CAJURU,82970000,PR,Curitiba,41,30200501
ASSEIJ COLEGIO NOSSA SENHORA DO ROSARIO,RUA EDUARDO GERONASSO,1266,BACACHERI,82510280,PR,Curitiba,41,32564543
ESCOLA NOSSA SENHORA DA ESPERANCA,RUA AQUELINO ORESTES BAGLIOLI,155,PRADO VELHO,80215434,PR,Curitiba,41,33630033
COLEGIO NOSSA SENHORA MEDIANEIRA,AV. JOSE RICHA,10.546,PRADO VELHO,81690100,PR,Curitiba,41,32188000
BOM JESUS SEMINARIO,NOSSA SENHORA APARECIDA,1468,SEMINARIO,80310100,PR,Curitiba,41,32741228
COLEGIO MARISTA PARANAENSE EI EF EM,RUA BISPO DOM JOSE,2674,SEMINARIO,80440080,PR,Curitiba,41,30162552
COLEGIO ADVENTISTA PORTAO - EIEFM,RUA FREI GASPAR DA MADRE DE DEUS,707,PORTAO,81070090,PR,Curitiba,41,30518680
COLEGIO SAGRADO CORACAO DE JESUS,AVENIDA IGUACU,1550,REBOUCAS,80250190,PR,Curitiba,41,31129300
COLEGIO MARISTA SANTA MARIA EI EF EM,RUA PROFESSOR JOAQUIM DE MATOS BARRETO,98,SAO LOURENCO,82200210,PR,Curitiba,41,30742500
LUMEN EDUCACAO INFANTIL E ENSINO FUNDAMENTAL,RUA JOSE NAVES DA CUNHA,348,SEMINARIO,80310080,PR,Curitiba,41,32748888
COLEGIO DO BOSQUE MANANCIAIS,RUA JOSE KORMANN,940,SAO LOURENCO,82200440,PR,Curitiba,41,33524678
CENTRO DE EDUCACAO BASICA PARA JOVENS E ADULTOS A DISTANCIA MATHISA - EF E EM,RUA RENASCENCA,30,SANTA FELICIDADE,82410110,PR,Curitiba,41,33640493
CENTRO DE EDUCACAO INFANTIL AQUARELA LTDA,AVENIDA ANITA GARIBALDI,4374,SAO LOURENCO,82210000,PR,Curitiba,41,30454111
ACESSO SANTA FELICIDADE,AV VEREADOR TOALDO TULIO,1930,SANTA FELICIDADE,82320010,PR,Curitiba,.,.
CENTRO EDUC PROFIS MACHADO DE ASSIS - FAMA,FLAVIO DALLEGRAVE,4390,BACACHERI,80045250,PR,Curitiba,41,30490440
EDUCACAO INFANTIL COMECAR BEM,RUA NOSSA SENHORA CONSOLADA,05,SANTA FELICIDADE,82030190,PR,Curitiba,41,33643499
COLEGIO SABER - EM,RUA ALFERES POLI,1982,REBOUCAS,80220050,PR,Curitiba,41,33223474
UEPT 46 - UNIDADE DE EDUCACAO PRO E TECNOLOGICA DE CURITIBA PORTAO- SENAC,RUA CALIXTO RAZOLINI,215,PORTAO,81070060,PR,Curitiba,41,33145850
CENTRO DE EDUCACAO PROFISSIONAL EXITUM,AVENIDA IGUACU,754,REBOUCAS,80230020,PR,Curitiba,41,30775757
CENTRO DE ENSINO GRAU TECNICO CURITIBA,AVENIDA SETE DE SETEMBRO,3293,REBOUCAS,80230010,PR,Curitiba,41,30183020
VILA MILITAR COLEGIO,RUA ALMIRANTE GONCALVES,1423,REBOUCAS,80230060,PR,Curitiba,41,31482830
CENTRO DE EDUCACAO INFANTIL COMECANDO FELIZ,RUA SATURNINO MIRANDA,630,SANTA FELICIDADE,82030320,PR,Curitiba,41,33728926
CEI PRIMEIROS PASSOS,RUA MANOEL RIBAS,6951,SANTA FELICIDADE,82400000,PR,Curitiba,41,30720302
PRIMEIRA OPCAO CEI,RUA MATEUS LEME,5422,SAO LOURENCO,82130162,PR,Curitiba,.,.
CENTRO DE EDUCACAO INFANTIL CANTINHO DO PARQUE,RUA RODRIGO DE FREITAS,580,BACACHERI,82515350,PR,Curitiba,41,30278048
CENTRO DE EDUCACAO INFANTIL VICENTINO SANTA LUISA,RUA EMBAIXADOR HIPOLITO DE ARAUJO,203,REBOUCAS,80215050,PR,Curitiba,41,33343142
LUAN MULLER E EI EF MOD ED ESP,RUA PROFESSOR JOAO ARGEMIRO LOYOLA,220,SEMINARIO,80240530,PR,Curitiba,41,32449166
COLEGIO ADVENTISTA CENTENARIO - EIEFM,RUA ARGELIA,85,CAJURU,82960200,PR,Curitiba,41,32263636
RENASCER E EI EF MOD ED ESP,RUA IMACULADA CONCEICAO,983,PRADO VELHO,80215030,PR,Curitiba,41,30292832
PODIUM E EI EF,RUA VICENTE DE CARVALHO,203,CAJURU,82940370,PR,Curitiba,41,33592566
COLEGIO ENSITEC - ENSINO FUNDAMENTAL MEDIO E PROFISSIONAL,RUA ANTONIO PIETRUZA,45,PORTAO,80610320,PR,Curitiba,41,30914500
MARISA AMADA P SELLA E EI EF MOD ED ESP,RUA IMACULADA CONCEICAO,935,PRADO VELHO,80215030,PR,Curitiba,41,33332583
ESCOLA BAMBINATAEDUCACAO INFANTIL E ENSINO FUNDAM,RUA DOUTOR LEAO MOCELLIN,328,SANTA FELICIDADE,82030230,PR,Curitiba,41,32973933
ESCOLA TECNICA PROFISSIONAL LTDA,RUA ENGENHEIROS REBOUCAS,2213,REBOUCAS,80230040,PR,Curitiba,41,33327025
COLEGIO IRMAO MARIO CRISTOVAO - TECPUC - ENSINO MEDIO E PROFISSIONAL,RUA IMACULADA CONCEICAO,1155,PRADO VELHO,80215901,PR,Curitiba,41,32711395
ASSISBAN,RUA TENENTE JOSE RIBAS KENDRICK,03,CAJURU,82970310,PR,Curitiba,41,32264242
CEI MARIA JOSE COUTINHO CAMARGO,RUA RODRIGO OCTAVIO DE LANGAARD MENEZES FILHO,118,SAO LOURENCO,82200200,PR,Curitiba,41,32003600
CENTRO EDUCACIONAL MARISTA IRMA EUNICE BENATO,RUA IMACULADA CONCEICAO,1155,PRADO VELHO,80215901,PR,Curitiba,41,32711313
ALTO PADRAO COLEGIO ED INF E ENS FUND E MED,RUA SANTO ANDRE,121,CAJURU,82900300,PR,Curitiba,41,32676800
ACESSO BOQUEIRAO,AV MAL FLORIANO PEIXOTO,7780,BOQUEIRAO,81650000,PR,Curitiba,.,.
CEBEC E EI EF,RUA NILO PECANHA,3500,SAO LOURENCO,82120440,PR,Curitiba,41,32537958
INST EDUC INF BILINGUE UP KIDS SCHOOL,ALAMEDA EMILIO DE MENEZES,100,TRES FIGUEIRAS,91340360,RS,Porto Alegre,51,33287118
5210 IEI EREMI,R PAULINO AZURENHA,445,PARTENON,90680240,RS,Porto Alegre,51,33526705
SENAC RIO GRANDE DO SUL,AV. ALBERTO BINS,665,CENTRO HISTORICO,90030142,RS,Porto Alegre,51,32142997
5236 EEI PITINGUINHA,R WALTHER SCHNEIDER,224,RESTINGA,91790402,RS,Porto Alegre,51,32036570
5233 ECEI PROFESSORA VIVI REIS,R CAPITAO PEDROSO,540,RESTINGA,91790790,RS,Porto Alegre,51,32662058
5235 EEI EDUARDA PUJOL ZANIRATTI II,R ELZIRA NUNES DA SILVA,100,RESTINGA,91788712,RS,Porto Alegre,51,32482033
COLEGIO ANCHIETA,AV. NILO PECANHA,1521,TRES FIGUEIRAS,91330000,RS,Porto Alegre,51,33826000
COLEGIO MARISTA CHAMPAGNAT,AVENIDA BENTO GONCALVES,4314,PARTENON,90650001,RS,Porto Alegre,51,33206200
COLEGIO FARROUPILHA,RUA CARLOS HUBER,425,TRES FIGUEIRAS,91330150,RS,Porto Alegre,51,34551805
COL NOSSA SENHORA DO BOM CONSELHO,RUA RAMIRO BARCELOS,996,FLORESTA,90035001,RS,Porto Alegre,51,33110522
COLEGIO LA SALLE DORES,RUA RIACHUELO,800,CENTRO HISTORICO,90010272,RS,Porto Alegre,51,32139600
COLEGIO MARISTA SAO PEDRO,RUA ALVARO CHAVES,625,FLORESTA,90220040,RS,Porto Alegre,51,32908500
6001 EEF PEQUENA CASA DA CRIANCA,R MARIO DE ARTAGAO,13,PARTENON,90680090,RS,Porto Alegre,51,30760500
ESC ADVENTISTA DE ENSINO FUNDAMENTAL DE SARANDI,RUA PASSOS FIGUEIROA,841,SARANDI,91110500,RS,Porto Alegre,51,33647979
COL ADVENTISTA MARECHAL RONDON,RUA MALI,255,VILA IPIRANGA,91370230,RS,Porto Alegre,51,33496600
COLEGIO SINODAL DO SALVADOR,AVENIDA MATHILDE TREIN RENNER,55,VILA IPIRANGA,91370050,RS,Porto Alegre,51,33405509
COL SANTA DOROTEIA,RUA MALI,405,VILA IPIRANGA,91370230,RS,Porto Alegre,51,33407908
COLEGIO SALESIANO DOM BOSCO,RUA DOUTOR EDUARDO CHARTIER,360,PASSO DA AREIA,90520100,RS,Porto Alegre,51,33379833
ESC DE EDUC BASICA DON LUIS GUANELLA,AVENIDA BENNO MENTZ,1560,VILA IPIRANGA,91370020,RS,Porto Alegre,51,33489733
COLEGIO LUTERANO DA PAZ,AVENIDA ALCIDES S. SEVERIANO,100,SARANDI,91130500,RS,Porto Alegre,51,33644908
COL KENNEDY,AV ALCIDES SEVERIANO,99,SARANDI,91130500,RS,Porto Alegre,51,33641142
INSTITUTO SAO FRANCISCO PALLOTTI,RUA TUPI,212,PASSO DA AREIA,91030520,RS,Porto Alegre,51,33413055
COLEGIO ADVENTISTA DO PARTENON,AVENIDA VALADO,363,PARTENON,91510740,RS,Porto Alegre,51,33392020
INSTITUTO DE EDUCACAO SAO FRANCISCO,AVENIDA BALTAZAR DE OLIVEIRA GARCIA,4879,RUBEM BERTA,91180001,RS,Porto Alegre,51,32723800
COLEGIO ACM CENTRO,RUA WASHINGTON LUIZ,1050,CENTRO HISTORICO,90010460,RS,Porto Alegre,51,32136000
COL MARISTA NOSSA SENHORA DO ROSARIO,PRACA DOM SEBASTIAO,02,INDEPENDENCIA,90035080,RS,Porto Alegre,51,32841200
COLEGIO PROVINCIA DE SAO PEDRO,AVENIDA MARECHAL ANDREA,345,BOA VISTA,91340400,RS,Porto Alegre,51,33282810
ASSOC BENEFIC SANTA ZITA DE LUCCA,RUA BATISTA XAVIER,600,PARTENON,90680120,RS,Porto Alegre,51,33361880
COL MONTEIRO LOBATO - ESC EDUC BASICA,RUA SALOMAO DUBIN,200,BOA VISTA,91340450,RS,Porto Alegre,51,33285035
EEI HAPPY KIDS,RUA MALI,345,VILA IPIRANGA,91370020,RS,Porto Alegre,51,33779328
5234 EEI JARDIM DE OXUM,AV DR JOAO DENTICE,1045,RESTINGA,91790090,RS,Porto Alegre,51,32487979
ESCOLA DE EDUCACAO INFANTIL BALAO AZUL UNIDADE FILIAL,RUA CASTRO ALVES,711,INDEPENDENCIA,90430131,RS,Porto Alegre,51,34141367
ESCOLA DE ENSINO MEDIO VINICIUS DE MORAIS,AVENIDA MACEDONIA,186,RESTINGA,91790040,RS,Porto Alegre,51,32502329
ESCOLA TECNICA CRISTO REDENTOR,AVENIDA BRASILIANO INDIO DE MORAES,772,PASSO DA AREIA,91030001,RS,Porto Alegre,51,33753000
ESCOLA DE EDUCACAO ESPECIAL DO CENTRO DE REABILITACAO DE PORTO ALEGRE - CEREPAL,RUA BRIGADEIRO OLIVEIRA NERI,100,PASSO DA AREIA,90520260,RS,Porto Alegre,51,33429753
ESC ENS FUND SAO FRANCISCO - SANTA FE,AVENIDA DELMAR ROCHA BARBOSA,234,RUBEM BERTA,91180490,RS,Porto Alegre,51,33669652
5003 EEI ESTRELINHA DO CEU,R ULYSSES DE ALENCASTRO BRANDAO,205,SARANDI,91140400,RS,Porto Alegre,51,33645165
5017 EEI NEGRINHO DO PASTOREIO,R WOLFRAM METZLER,21,RUBEM BERTA,91250320,RS,Porto Alegre,51,33665808
5020 EEI MADRE TERESA,R WOLFRAM METZLER,605,RUBEM BERTA,91250320,RS,Porto Alegre,51,33663177
COLEGIO UNIFICADO INDEPENDENCIA,AVENIDA INDEPENDENCIA,1199,INDEPENDENCIA,90035072,RS,Porto Alegre,51,30921640
5057 EEI CAMPO DA TUCA,RUA D,200,PARTENON,91510480,RS,Porto Alegre,51,33220971
CENTRO EDUCACIONAL BALAO AZUL,RUA CASTRO ALVES,300,INDEPENDENCIA,90430130,RS,Porto Alegre,51,30299801
5120 EEI MEDIANEIRA NOSSO SONHO I,R JARY,119,PASSO DA AREIA,91350170,RS,Porto Alegre,51,32374877
EEI BRINCAR E APRENDER,RUA GARIBALDI,800,INDEPENDENCIA,90035051,RS,Porto Alegre,51,33982686
CENTRO DE ENSINO MEDIO PASTOR DOHMS- UNIDADE DE ENSINO ZONA NORTE,RUA DARIO BORBA BROSSARD,56,RUBEM BERTA,91180480,RS,Porto Alegre,51,33662497
QI ESCOLA DE EDUCACAO PROFISSIONAL ASSIS BRASIL,AVENIDA ASSIS BRASIL,3423,PASSO DA AREIA,91010001,RS,Porto Alegre,51,23130502
EEI GENTE MIUDINHA,RUA MALI,787,VILA IPIRANGA,91370230,RS,Porto Alegre,51,33447069
EEI ARTE E TRAVESSURA,RUA DOUTOR JOAO SIMPLICIO ALVES DE CARVALHO,335,VILA IPIRANGA,91360260,RS,Porto Alegre,51,33415275
GUAIBA CURSOS TECNICOS LTDA,AVENIDA ALBERTO BINS,376,CENTRO HISTORICO,90030140,RS,Porto Alegre,51,32276757
ESCOLA DE EDUCACAO INFANTIL CRIANCA VIDA,RUA JOAO CAETANO,178,TRES FIGUEIRAS,90470260,RS,Porto Alegre,51,30238147
5150 ECEI PE LUIZ PEDROLLO,TRAV COSME E DAMIAO,84,PARTENON,90680247,RS,Porto Alegre,51,9.9832E8
5184 EEI JARDIM IPIRANGA,AV ENG ARY DE ABREU LIMA,390,VILA IPIRANGA,91360070,RS,Porto Alegre,51,33470210
5177 EEI SAO GUILHERME,DIRETRIZ 3729,116,PARTENON,91520650,RS,Porto Alegre,51,33849997
COLEGIO ADVENTISTA NOVO MUNDO,RUA INDIANA,SN,JARDIM NOVO MUNDO,74705300,GO,Goiânia,62,32649000
COLEGIO AGOSTINIANO NS DE FATIMA,RUA 6 A,590,SETOR AEROPORTO,74075220,GO,Goiânia,62,32133022
COLEGIO CLARETIANO CORACAO DE MARIA,AVENIDA PARANAIBA,370,SETOR CENTRAL,74020010,GO,Goiânia,62,32233636
COLEGIO MARISTA GOIANIA EI EF EM,AVENIDA OITENTA E CINCO,1440,SETOR MARISTA,74160010,GO,Goiânia,62,40095875
COLEGIO SANTO AGOSTINHO,RUA 55,63,SETOR CENTRAL,74055150,GO,Goiânia,62,32231326
COLEGIO DELTA I II III,RUA SAO BARTOLOMEU,911,JARDIM PLANALTO,74333260,GO,Goiânia,62,39312020
COLEGIO PREVEST,RUA 5,202,SETOR CENTRAL,74020030,GO,Goiânia,62,32097240
COLEGIO ADVENTISTA JARDIM EUROPA,RUA SANTA EFIGENIA,SN,JARDIM PLANALTO,74333230,GO,Goiânia,62,32649000
ESCOLA SESI PLANALTO,PRACA ITAPUA,150,JARDIM PLANALTO,74843420,GO,Goiânia,62,32362300
INSTITUTO PRESBITERIANO DE EDUCACAO,AVENIDA T 1,1008,SETOR BUENO,74210045,GO,Goiânia,62,32853660
CRECHE SANTA RITA DE CASSIA,RUA 17 A,111,SETOR AEROPORTO,74070100,GO,Goiânia,62,32240888
BERCARIO E MATERNAL SAO COSME E DAMIAO,RUA 32 A,165,SETOR AEROPORTO,74075480,GO,Goiânia,62,32126996
CENTRO DE EDUCACAO INFANTIL DO ABRIGO NOSSO LAR,RUA ANAPOLIS,231,JARDIM NOVO MUNDO,74715040,GO,Goiânia,62,39455294
ESCOLA PRIMEIROS DEGRAUS,RUA IGAPO,45,PARQUE AMAZONIA,74835440,GO,Goiânia,62,32801583
CENTRO EDUCACIONAL BARROZO LTDA -ESTRELINHAS DO FUTURO,RUA CARAGOATA,87,PARQUE AMAZONIA,74840240,GO,Goiânia,62,32481827
ESCOLA MONTEIRO LOBATO,RUA CACAUI QD 10 L4/5,101,PARQUE AMAZONIA,74840230,GO,Goiânia,62,32481276
ESCOLA INFANTIL FAVO DE MEL,RUA MARIA APARECIDA,334,PARQUE AMAZONIA,74843180,GO,Goiânia,62,32808238
ESCOLA O PICA PAU,RUA 9 A,690,SETOR AEROPORTO,74075250,GO,Goiânia,62,32246204
ESCOLA INTELECTUAL,RUA OTAWA,90,JARDIM NOVO MUNDO,74705220,GO,Goiânia,62,32062930
CENTRO DE EDUCACAO INFANTIL PEDACINHO DO CEU,RUA C 99,,SETOR SUDOESTE,74303400,GO,Goiânia,62,32418723
EXPOVEST JUNIOR EDUCACAO PRE-ESCOLAR LTDA,RUA MONTE CASTELO,142,JARDIM PLANALTO,74333200,GO,Goiânia,62,39419051
ESCOLA CANTINHO FELIZ LTDA ME,RUA C 40,217,SETOR SUDOESTE,74305210,GO,Goiânia,62,32879264
COLEGIO EXPOVEST,RUA AMELIO,110,JARDIM PLANALTO,74333150,GO,Goiânia,62,32879050
SENAC - CENTRO DE EDUCACAO PROFISSIONAL ELIAS BUFAICAL,RUA 31 A,43,SETOR AEROPORTO,74075470,GO,Goiânia,62,32195160
COLEGIO DEGRAUS,RUA C 97,309,SETOR SUDOESTE,74303380,GO,Goiânia,62,32870466
CENTRO EDUC SESC CIDADANIA ELIAS BUFAICAL NETO,AVENIDA C 197,812,JARDIM AMERICA,74270030,GO,Goiânia,62,32508000
COLEGIO APOIO,RUA MANAGUA,672,JARDIM NOVO MUNDO,74705200,GO,Goiânia,62,35658020
COLEGIO FRACTAL CIDADE JARDIM,RUA FORMOSA,1197,CIDADE JARDIM,74425410,GO,Goiânia,62,39267209
COLEGIO WRJ,AV ANTONIO FIDELIS,1874,PARQUE AMAZONIA,74840390,GO,Goiânia,62,39974950
COLEGIO PRINCIPIOS,RUA C 67,65,SETOR SUDOESTE,74305460,GO,Goiânia,62,32470303
ESCOLA ATOS,RUA DIVINO OLIVEIRA,178,CIDADE JARDIM,74425220,GO,Goiânia,62,35950909
ESCOLA INFANTIL RECREIO EIRELI,RUA MOSSORO,322,JARDIM NOVO MUNDO,74715340,GO,Goiânia,62,32842960
COLEGIO INTEGRADO UNIDADE AREIAO,RUA 1139,323,SETOR MARISTA,74180180,GO,Goiânia,62,36382400
ESCOLA RODA VIVA,AV PIRATININGA,440,PARQUE AMAZONIA,74835160,GO,Goiânia,62,35150021
COLEGIO INTELECTUAL INTEGRAL LTDA,RUA VINHA DEL MAR,,JARDIM NOVO MUNDO,74705160,GO,Goiânia,62,32062930
ESPACO INFANTIL ARTE E CIDADANIA,25 A,,SETOR AEROPORTO,74070150,GO,Goiânia,.,.
COLEGIO UNUS KIDS,RUA CANUMA,30,PARQUE AMAZONIA,74840540,GO,Goiânia,62,32483643
BERCARIO E ESCOLA SAGRADA FAMILIA,AVENIDA C 18,304,SETOR SUDOESTE,74303030,GO,Goiânia,62,41041177
COLEGIO META BURITI,AVENIDA RIO NEGRO,,PARQUE AMAZONIA,74840520,GO,Goiânia,62,32800671
ESCOLA ZARA,RUA 1141,455,SETOR MARISTA,74180081,GO,Goiânia,62,39233434
COLEGIO SAGRADA FAMILIA LTDA,AVENIDA DONA TEREZINHA DE MORAIS,600,PARQUE AMAZONIA,74843150,GO,Goiânia,62,34345626
ESCOLA INOVADORA ARARUNA ANARE,RUA COLONIA,2563,JARDIM NOVO MUNDO,74705040,GO,Goiânia,62,9.9955E8
ESCOLA INFANTIL RECREIO,RUA MOSSORO,,JARDIM NOVO MUNDO,74715340,GO,Goiânia,62,35423807
FRACTAL CENTRO DE EDUCACAO E ENSINO,AVENIDA T 9 COM RUA U-42,4586,JARDIM PLANALTO,74333010,GO,Goiânia,62,39427230
COL LA SALLE BRASILIA,QUADRA SGAS 906 CONJUNTO E,,ASA SUL,70390060,DF,Brasília,61,34437878
C EDUCACIONAL LEONARDO DA VINCI,QUADRA SEPS 703/903,,ASA SUL,70390039,DF,Brasília,61,32266703
C EDUCACIONAL LEONARDO DA VINCI - UNID NORTE,QUADRA SGAN 914,0,ASA NORTE,70790140,DF,Brasília,61,33401616
C EDUCACIONAL SAGRADA FAMILIA,QUADRA SGAN 906,,ASA NORTE,70790060,DF,Brasília,61,32721727
C EDUCACIONAL SIGMA,SGAS QUADRA,912,ASA SUL,70310500,DF,Brasília,61,37011109
COL MADRE CARMEN SALLES,SGAN 604 MODULO D,,ASA NORTE,70830154,DF,Brasília,61,32232863
COL SAGRADO CORACAO DE MARIA,QUADRA SGAN 702 CONJUNTO C,,ASA NORTE,70710750,DF,Brasília,61,30315000
COL SANTA DOROTEIA,QUADRA SGAN 911,,ASA NORTE,70790110,DF,Brasília,61,32745110
C EDUCACIONAL ADVENTISTA MILTON AFONSO,QUADRA SGAS 611 MODULO,75,ASA SUL,70200710,DF,Brasília,61,34415000
CE BRASIL CENTRAL,QUADRA QNE 24,06/10,TAGUATINGA NORTE TAGUATINGA,72125240,DF,Brasília,61,33540046
CE DO SESI-DF - TAGUATINGA,QUADRA QNF 24,,TAGUATINGA NORTE TAGUATINGA,72125740,DF,Brasília,61,33559547
C EDUCACIONAL CATOLICA DE BRASILIA,QUADRA QS 07,LOTE 01,AGUAS CLARAS,71966700,DF,Brasília,61,34515022
COL MARISTA CHAMPAGNAT,AREA ESPECIAL QSD AREA ESPECIAL,01,TAGUATINGA SUL TAGUATINGA,72015597,DF,Brasília,61,21911511
COL JESUS MARIA JOSE,QNG 40 AREA ESPECIAL 5B,,TAGUATINGA NORTE,72130003,DF,Brasília,61,33542444
C EDUCACIONAL PROJECAO TAGUATINGA NORTE,"SETOR C NORTE, AREA ESPECIAL 5/6 E SETOR B NORTE, AREA ESPECIAL 5",,TAGUATINGA NORTE,72115700,DF,Brasília,61,34513888
CED ADVENTISTA DE TAGUATINGA,QSB 4,07,TAGUATINGA SUL TAGUATINGA,72015540,DF,Brasília,61,34415000
INST DE EDUC GUINESS,QUADRA QSA 7,15/21 E 22,TAGUATINGA SUL TAGUATINGA,72015070,DF,Brasília,61,35627450
CED PROJECAO TAGUATINGA NORTE UNIDADE II,QUADRA QNJ 17,,TAGUATINGA NORTE TAGUATINGA,72140170,DF,Brasília,61,34752277
C DE ENS SANTA RITA DE CASSIA,QUADRA QUADRA 9 LOTE ESPECIAL E AREA RESERVADA,02,SOBRADINHO,73035090,DF,Brasília,61,35914241
COL LA SALLE - SOBRADINHO,QUADRA QUADRA 14,24/27,SOBRADINHO,73050140,DF,Brasília,61,33878840
COL APROVACAO PHD,QUADRA QUADRA 13,,SOBRADINHO,73040130,DF,Brasília,61,35911801
INST EDUCACIONAL SANTO ELIAS,QUADRA QUADRA 11,,SOBRADINHO,73040110,DF,Brasília,61,34539650
INST SAO JOSE,QUADRA 4 AREA ESPECIAL,01,SOBRADINHO,73025040,DF,Brasília,61,34875258
REDE DE ENS CERTO - UNIDADE CEILANDIA,QUADRA EQNP 9/13 MODULO A,,CEILANDIA NORTE CEILANDIA,72240571,DF,Brasília,61,35854151
ESC DE EDUC BASICA E PROFISSIONAL FUNDACAO BRADESCO,QUADRA QNN 28,SEM NUMERO,CEILANDIA SUL CEILANDIA,72220280,DF,Brasília,61,34712219
INST SOUSA ARANTES,QUADRA EQNP 30/34 MODULO F,SN,CEILANDIA SUL CEILANDIA,72236516,DF,Brasília,61,33762344
COL MARIA IMACULADA,QUADRA SHIS QI 5 CHACARA,72,SETOR DE HABITACOES INDIVIDUAIS SUL,71600600,DF,Brasília,61,32484768
ESC DAS NACOES,QUADRA SHIS QI 21 AREA ESPECIAL S/N,,SETOR DE HABITACOES INDIVIDUAIS SUL,71655600,DF,Brasília,61,33661800
COL NOSSA SENHORA DO PERPETUO SOCORRO,SHIS EQL 6/8 CONJUNTO A,1,SETOR DE HABITACOES INDIVIDUAIS SUL,71620980,DF,Brasília,61,32480043
COL PRESBITERIANO MACKENZIE - BRASILIA,QUADRA SHIS QI 5 CHACARA,74,SETOR DE HABITACOES INDIVIDUAIS SUL,71600610,DF,Brasília,61,21069000
CASA DO PEQUENO POLEGAR,QUADRA SHIS QI 5 CHACARAS 92 A 99,96,SETOR DE HABITACOES INDIVIDUAIS SUL,71600640,DF,Brasília,61,32481217
C DE ENS EBENEZER - CENEB,QUADRA QNM 3,25/33,CEILANDIA SUL CEILANDIA,72215030,DF,Brasília,61,33718686
C EDUCACIONAL RENASCENCA,SGAN - QD 914 CONJUNTO B PARTE,,ASA NORTE,70790142,DF,Brasília,61,32736284
CED LUMNI,QUADRA 2 CONJUNTO C/D LOTE,E,SOBRADINHO,73015380,DF,Brasília,61,35910235
C EDUCACIONAL PROJECAO SOBRADINHO,QUADRA QUADRA 14 AREA ESPECIAL,21,SOBRADINHO,73050140,DF,Brasília,61,35914838
ESC CANTINHO MAGICO,QUADRA SHIS QI 26 CHACARAS 29,29,SETOR DE HABITACOES INDIVIDUAIS SUL,71670750,DF,Brasília,61,33672171
COL MARISTA JOAO PAULO II,QUADRA SGAN 702 CONJUNTO B,,ASA NORTE,70710700,DF,Brasília,61,34264600
REDE DE ENS CERTO,SETOR D SUL AREA ESPECIAL RESERVADA,06,TAGUATINGA SUL TAGUATINGA,72020000,DF,Brasília,61,33526633
ESCOLA MAPLE BEAR SUDOESTE - CANDANGUINHO,QUADRA EQSW 303/304,,SETOR SUDOESTE,70673350,DF,Brasília,61,33447575
COL GALOIS,SGAS QD,601,ASA SUL,70200610,DF,Brasília,61,32522000
CED LEONARDO DA VINCI - UNIDADE TAGUATINGA,QUADRA QS 3 RUA 420,02,AGUAS CLARAS,71953100,DF,Brasília,61,33510606
COL DROMOS,QUADRA EQSW 303/304,3,SETOR SUDOESTE,70673350,DF,Brasília,61,33440004
COL IDEAL,QNG 9 LOTE 1 E 2,01/02,TAGUATINGA NORTE,72130110,DF,Brasília,61,39655005
ESC CASA DE BRINQUEDOS,QUADRA QNA 51,18,TAGUATINGA NORTE TAGUATINGA,72110510,DF,Brasília,61,33527585
COL VIVENCIAR,QUADRA QNB 4,40,TAGUATINGA NORTE,72115040,DF,Brasília,61,35610059
COL DOM JOSE,SHIS QI 26 CONJUNTO H,,SETOR DE HABITACOES INDIVIDUAIS SUL,71670000,DF,Brasília,61,33676240
COL BIANGULO,QNJ AREA ESPECIAL Nº 08,,TAGUATINGA NORTE,72140608,DF,Brasília,61,34752121
COL EVEREST BRASILIA,QUADRA SHIS QI 19 CHACARAS 17 E 18,,SETOR DE HABITACOES INDIVIDUAIS SUL,71655730,DF,Brasília,61,33662820
COL VENCER,QUADRA QNM 5 CONJUNTO B/D LTS,33 A 39,CEILANDIA SUL CEILANDIA,72215052,DF,Brasília,61,33732255
COL BIANGULO IV,AV DAS ARAUCIRIAS QD 201 LOTE 455,455,AGUAS CLARAS,71937540,DF,Brasília,61,37032323
CENTRO EDUCACIONAL IESB,QUADRA QNN 31 AE B / C LT D MOD E,,CEILANDIA NORTE CEILANDIA,72225310,DF,Brasília,61,39624727
COL IDEAL AGUAS CLARAS - UNIDADE VII,MANACA LOTE 2 BLOCO 2 NORTE,,AGUAS CLARAS,71907270,DF,Brasília,61,35477341
COL BIANGULO - VIII,QD 13 AR 3,,SOBRADINHO,73040130,DF,Brasília,61,9.965E8
COL BIANGULO VII,RUA 36 NORTE LT 06 LOJA 01 NORTE,,AGUAS CLARAS,71919180,DF,Brasília,61,9.9813E8
C EDUCACIONAL SIGMA - ASA NORTE,SGAN QUADRA,910,ASA NORTE,70790100,DF,Brasília,61,35358400
COL MAPA,QUADRA EQNP 15/19 MODULO F,,CEILANDIA NORTE CEILANDIA,72241576,DF,Brasília,61,33791116
COBIAN - COL BIANGULO,QNJ 22 - LOTES 34 E 36,,TAGUATINGA NORTE,72140220,DF,Brasília,61,34756945
